/*
SQLyog Ultimate v12.09 (64 bit)
MySQL - 8.0.31 : Database - loser
*********************************************************************
*/

/*!40101 SET NAMES utf8 */;

/*!40101 SET SQL_MODE=''*/;

/*!40014 SET @OLD_UNIQUE_CHECKS=@@UNIQUE_CHECKS, UNIQUE_CHECKS=0 */;
/*!40014 SET @OLD_FOREIGN_KEY_CHECKS=@@FOREIGN_KEY_CHECKS, FOREIGN_KEY_CHECKS=0 */;
/*!40101 SET @OLD_SQL_MODE=@@SQL_MODE, SQL_MODE='NO_AUTO_VALUE_ON_ZERO' */;
/*!40111 SET @OLD_SQL_NOTES=@@SQL_NOTES, SQL_NOTES=0 */;
CREATE DATABASE /*!32312 IF NOT EXISTS*/`loser` /*!40100 DEFAULT CHARACTER SET utf8mb4 COLLATE utf8mb4_0900_ai_ci */ /*!80016 DEFAULT ENCRYPTION='N' */;

USE `loser`;

/*Table structure for table `actionlog` */

DROP TABLE IF EXISTS `actionlog`;

CREATE TABLE `actionlog` (
  `id` int NOT NULL AUTO_INCREMENT,
  `uid` int DEFAULT NULL,
  `date` varchar(23) DEFAULT NULL,
  `type` varchar(128) CHARACTER SET utf8mb3 COLLATE utf8mb3_general_ci DEFAULT NULL,
  PRIMARY KEY (`id`)
) ENGINE=InnoDB AUTO_INCREMENT=103 DEFAULT CHARSET=utf8mb3;

/*Data for the table `actionlog` */

insert  into `actionlog`(`id`,`uid`,`date`,`type`) values (1,4,'2023-09-06','被封禁'),(2,5,'2023-09-06','被封禁'),(3,2,'2023-09-06','帖子被删除'),(4,4,'2023-09-10 18:53:02','添加管理员身份'),(5,4,'2023-09-10 18:53:12','被剥夺管理员身份'),(6,4,'2023-09-10 18:53:14','被剥夺管理员身份'),(7,4,'2023-09-10 18:53:22','被剥夺管理员身份'),(8,4,'2023-09-10 18:53:59','添加管理员身份'),(9,4,'2023-09-10 18:54:06','被剥夺管理员身份'),(10,4,'2023-09-10 18:55:45','添加管理员身份'),(11,4,'2023-09-10 18:55:48','被剥夺管理员身份'),(12,4,'2023-09-10 18:56:33','添加管理员身份'),(13,4,'2023-09-10 18:56:36','被剥夺管理员身份'),(14,6,'2023-09-10 18:58:51','被扣除3信誉分'),(15,2,'2023-09-12 11:20:53','用户信息被更新'),(16,2,'2023-09-12 11:27:54','用户信息更新 - 用户名：坤坤，联系方式：18999996696，信誉积分：90，禁言天数：0'),(17,2,'2023-09-12 11:28:17','用户信息更新 - 用户名：坤坤，联系方式：18999996696，信誉积分：91，禁言天数：0'),(18,13,'2023-09-12 11:36:09','用户申请管理员 - 用户名：坤坤'),(19,206,'2023-09-12 11:44:05','用户发布帖子 - 用户名：坤坤'),(20,3,'2023-09-12 12:01:33','用户信息更新 - 用户名：super，联系方式：18999996692，信誉积分：100，禁言天数：0'),(21,2,'2023-09-12 16:55:36','用户信息更新 - 用户名：坤坤，联系方式：18999996696，信誉积分：91，禁言天数：11'),(22,2,'2023-09-12 16:55:36','被禁言11天'),(23,2,'2023-09-12 16:55:49','用户信息更新 - 用户名：坤坤，联系方式：18999996696，信誉积分：91，禁言天数：0'),(24,2,'2023-09-12 16:55:49','解除禁言'),(25,3,'2023-09-12 17:59:07','用户信息更新 - 用户名：super，联系方式：18999996692，信誉积分：100，禁言天数：0'),(26,3,'2023-09-12 19:03:40','用户信息更新 - 用户名：super，联系方式：18999996692，信誉积分：100，禁言天数：0'),(27,3,'2023-09-12 20:20:44','用户信息更新 - 用户名：super，联系方式：18999996692，信誉积分：100，禁言天数：0'),(28,3,'2023-09-12 20:20:53','用户信息更新 - 用户名：super，联系方式：18999996692，信誉积分：100，禁言天数：0'),(29,3,'2023-09-13 08:28:41','用户信息更新 - 用户名：super，联系方式：18999996692，信誉积分：100，禁言天数：0'),(30,2,'2023-09-13 09:58:48','用户信息更新 - 用户名：坤坤，联系方式：18999996696，信誉积分：91，禁言天数：0'),(31,14,'2023-09-13 10:27:29','用户申请管理员 - 用户名：坤坤'),(32,106,'2023-09-13 10:31:39','用户信息更新 - 用户名：admin，联系方式：17714429653，信誉积分：100，禁言天数：0'),(33,3,'2023-09-13 10:35:01','用户信息更新 - 用户名：super，联系方式：18999996692，信誉积分：100，禁言天数：0'),(34,11,'2023-09-13 10:38:30','用户信息更新 - 用户名：坤坤5，联系方式：19996623821，信誉积分：100，禁言天数：0'),(35,11,'2023-09-13 10:38:30','添加管理员身份'),(36,11,'2023-09-13 10:38:45','用户信息更新 - 用户名：坤坤5，联系方式：19996623821，信誉积分：100，禁言天数：0'),(37,11,'2023-09-13 10:38:45','添加管理员身份'),(38,2,'2023-09-13 10:38:59','驳回管理员申请'),(39,9,'2023-09-13 10:39:03','驳回管理员申请'),(40,7,'2023-09-13 10:39:05','驳回管理员申请'),(41,10,'2023-09-13 10:39:10','驳回管理员申请'),(42,3,'2023-09-13 11:13:14','用户信息更新 - 用户名：super，联系方式：18999996692，信誉积分：100，禁言天数：0'),(43,2,'2023-09-13 11:15:07','用户信息更新 - 用户名：坤坤，联系方式：18999996696，信誉积分：91，禁言天数：0'),(44,106,'2023-09-13 11:54:00','用户信息更新 - 用户名：admin，联系方式：17714429653，信誉积分：100，禁言天数：0'),(45,2,'2023-09-13 11:55:04','用户信息更新 - 用户名：坤坤，联系方式：18999996696，信誉积分：91，禁言天数：0'),(46,2,'2023-09-13 11:55:04','解除禁言'),(47,2,'2023-09-13 11:55:07','用户信息更新 - 用户名：坤坤，联系方式：18999996696，信誉积分：91，禁言天数：0'),(48,2,'2023-09-13 11:55:07','解除禁言'),(49,2,'2023-09-13 18:53:21','用户信息更新 - 用户名：坤坤&&update，联系方式：18999996696，信誉积分：91，禁言天数：0'),(50,207,'2023-09-13 18:53:21','用户发布帖子 - 用户名：super'),(51,15,'2023-09-13 18:53:21','用户申请管理员 - 用户名：坤坤&&update'),(52,106,'2023-12-30 20:06:43','用户信息更新 - 用户名：admin，联系方式：17714429653，信誉积分：100，禁言天数：0'),(53,106,'2023-12-30 20:06:52','用户信息更新 - 用户名：admin，联系方式：17714429653，信誉积分：100，禁言天数：0'),(54,106,'2023-12-30 22:24:54','用户信息更新 - 用户名：admin，联系方式：17714429653，信誉积分：100，禁言天数：0'),(55,110,'2023-12-30 22:25:49','用户信息更新 - 用户名：23，联系方式：23，信誉积分：100，禁言天数：0'),(56,110,'2023-12-30 22:36:52','用户信息更新 - 用户名：23，联系方式：23，信誉积分：100，禁言天数：0'),(57,110,'2024-01-01 01:45:03','用户信息更新 - 用户名：23，联系方式：23，信誉积分：100，禁言天数：0'),(58,112,'2024-01-01 20:48:37','用户信息更新 - 用户名：11，联系方式：11，信誉积分：100，禁言天数：0'),(59,112,'2024-01-01 20:49:20','用户信息更新 - 用户名：11，联系方式：11，信誉积分：100，禁言天数：0'),(60,112,'2024-01-02 09:14:41','用户信息更新 - 用户名：11，联系方式：11，信誉积分：100，禁言天数：0'),(61,112,'2024-01-02 10:20:06','用户信息更新 - 用户名：11，联系方式：11，信誉积分：100，禁言天数：0'),(62,112,'2024-01-02 11:03:07','用户信息更新 - 用户名：11，联系方式：11，信誉积分：100，禁言天数：0'),(63,112,'2024-01-02 11:20:49','用户信息更新 - 用户名：11，联系方式：11，信誉积分：100，禁言天数：0'),(64,112,'2024-01-02 11:37:58','用户信息更新 - 用户名：11，联系方式：11，信誉积分：100，禁言天数：0'),(65,112,'2024-01-02 13:01:34','用户信息更新 - 用户名：11，联系方式：11，信誉积分：100，禁言天数：0'),(66,112,'2024-01-02 13:06:03','用户信息更新 - 用户名：11，联系方式：11，信誉积分：100，禁言天数：0'),(67,112,'2024-01-02 13:23:33','用户信息更新 - 用户名：11，联系方式：11，信誉积分：100，禁言天数：0'),(68,106,'2024-01-02 13:34:53','用户信息更新 - 用户名：admin，联系方式：17714429653，信誉积分：100，禁言天数：0'),(69,112,'2024-01-02 13:35:30','用户信息更新 - 用户名：11，联系方式：11，信誉积分：100，禁言天数：0'),(70,112,'2024-01-02 13:46:27','用户信息更新 - 用户名：11，联系方式：11，信誉积分：100，禁言天数：0'),(71,112,'2024-01-02 14:03:02','用户信息更新 - 用户名：11，联系方式：11，信誉积分：100，禁言天数：0'),(72,112,'2024-01-02 14:30:31','用户信息更新 - 用户名：11，联系方式：11，信誉积分：100，禁言天数：0'),(73,6,'2024-01-02 14:56:15','用户信息更新 - 用户名：坤坤0，联系方式：19996623821，信誉积分：95，禁言天数：10'),(74,112,'2024-01-02 14:57:39','用户信息更新 - 用户名：11，联系方式：11，信誉积分：100，禁言天数：0'),(75,6,'2024-01-02 14:58:20','用户信息更新 - 用户名：坤坤0，联系方式：19996623821，信誉积分：95，禁言天数：10'),(76,112,'2024-01-02 15:15:31','用户信息更新 - 用户名：11，联系方式：11，信誉积分：100，禁言天数：0'),(77,113,'2024-01-02 15:17:04','用户信息更新 - 用户名：22，联系方式：22，信誉积分：100，禁言天数：0'),(78,208,'2024-01-02 15:17:17','用户发布帖子 - 用户名：22'),(79,113,'2024-01-02 15:23:21','用户信息更新 - 用户名：22，联系方式：22，信誉积分：100，禁言天数：0'),(80,112,'2024-01-02 15:23:37','用户信息更新 - 用户名：11，联系方式：11，信誉积分：100，禁言天数：0'),(81,113,'2024-01-02 15:46:40','用户信息更新 - 用户名：22，联系方式：22，信誉积分：100，禁言天数：0'),(82,112,'2024-01-02 15:47:03','用户信息更新 - 用户名：11，联系方式：11，信誉积分：100，禁言天数：0'),(83,113,'2024-01-02 16:05:18','用户信息更新 - 用户名：22，联系方式：22，信誉积分：100，禁言天数：0'),(84,112,'2024-01-02 16:05:34','用户信息更新 - 用户名：11，联系方式：11，信誉积分：100，禁言天数：0'),(85,113,'2024-01-02 16:08:02','用户信息更新 - 用户名：22，联系方式：22，信誉积分：100，禁言天数：0'),(86,112,'2024-01-02 16:08:33','用户信息更新 - 用户名：11，联系方式：11，信誉积分：100，禁言天数：0'),(87,113,'2024-01-02 19:21:02','用户信息更新 - 用户名：22，联系方式：22，信誉积分：100，禁言天数：0'),(88,112,'2024-01-02 19:21:11','用户信息更新 - 用户名：11，联系方式：11，信誉积分：100，禁言天数：0'),(89,209,'2024-01-02 19:42:40','用户发布帖子 - 用户名：11'),(90,112,'2024-01-03 10:50:13','用户信息更新 - 用户名：11，联系方式：11，信誉积分：100，禁言天数：0'),(91,113,'2024-01-03 10:52:45','用户信息更新 - 用户名：22，联系方式：22，信誉积分：100，禁言天数：0'),(92,112,'2024-01-03 13:28:31','用户信息更新 - 用户名：11，联系方式：11，信誉积分：100，禁言天数：0'),(93,113,'2024-01-03 13:30:19','用户信息更新 - 用户名：22，联系方式：22，信誉积分：100，禁言天数：0'),(94,11,'2024-01-03 13:36:11','用户信息更新 - 用户名：坤坤5，联系方式：19996623821，信誉积分：100，禁言天数：0'),(95,3,'2024-01-03 13:41:08','用户信息更新 - 用户名：super，联系方式：18999996692，信誉积分：100，禁言天数：0'),(96,9,'2024-01-03 13:45:24','用户信息更新 - 用户名：坤坤3，联系方式：19996623821，信誉积分：100，禁言天数：0'),(97,16,'2024-01-03 13:46:53','用户申请管理员 - 用户名：坤坤3'),(98,112,'2024-04-17 15:41:03','用户信息更新 - 用户名：11，联系方式：11，信誉积分：100，禁言天数：0'),(99,210,'2024-04-17 15:41:19','用户发布帖子 - 用户名：11'),(100,211,'2024-04-17 15:43:21','用户发布帖子 - 用户名：11'),(101,112,'2024-04-17 15:45:06','用户信息更新 - 用户名：11，联系方式：11，信誉积分：100，禁言天数：0'),(102,112,'2024-04-17 15:46:37','用户信息更新 - 用户名：11，联系方式：11，信誉积分：100，禁言天数：0');

/*Table structure for table `auth` */

DROP TABLE IF EXISTS `auth`;

CREATE TABLE `auth` (
  `id` int NOT NULL,
  `auth_name` varchar(20) DEFAULT NULL,
  PRIMARY KEY (`id`)
) ENGINE=InnoDB DEFAULT CHARSET=utf8mb4 COLLATE=utf8mb4_0900_ai_ci;

/*Data for the table `auth` */

insert  into `auth`(`id`,`auth_name`) values (0,'被封禁者'),(1,'普通用户'),(2,'管理员'),(3,'超级管理员');

/*Table structure for table `avatar` */

DROP TABLE IF EXISTS `avatar`;

CREATE TABLE `avatar` (
  `id` int NOT NULL,
  `uid` int DEFAULT NULL,
  `path` varchar(120) DEFAULT NULL,
  PRIMARY KEY (`id`)
) ENGINE=InnoDB DEFAULT CHARSET=utf8mb4 COLLATE=utf8mb4_0900_ai_ci;

/*Data for the table `avatar` */

insert  into `avatar`(`id`,`uid`,`path`) values (1,5,'File\\d3879f0f-69c1-41fa-a9c9-eb043972db27emty.jpg');

/*Table structure for table `post` */

DROP TABLE IF EXISTS `post`;

CREATE TABLE `post` (
  `id` int NOT NULL AUTO_INCREMENT,
  `username` varchar(20) DEFAULT NULL,
  `tel` varchar(11) DEFAULT NULL,
  `describe` varchar(300) DEFAULT NULL,
  `Picaddr` varchar(100) DEFAULT NULL,
  `type` int DEFAULT NULL,
  `date` varchar(23) DEFAULT NULL,
  `crscore` int DEFAULT '100',
  PRIMARY KEY (`id`)
) ENGINE=InnoDB AUTO_INCREMENT=212 DEFAULT CHARSET=utf8mb3;

/*Data for the table `post` */

insert  into `post`(`id`,`username`,`tel`,`describe`,`Picaddr`,`type`,`date`,`crscore`) values (4,'坤坤1','18999996692','丢失一个白色手机壳','',1,'2023-09-12',100),(5,'坤坤2','19996623821','雪白色入耳式蓝牙耳机，一串带有中国结的钥匙','',1,'2023-07-06',100),(6,'坤坤3','19996623821','雪白色入耳式蓝牙耳机，一串带有中国结的钥匙','',1,'2023-07-06',100),(7,'坤坤4','19996623821','雪白色入耳式蓝牙耳机，一串带有中国结的钥匙','',1,'2023-07-06',100),(8,'坤坤5','19996623821','雪白色入耳式蓝牙耳机，一串带有中国结的钥匙','',1,'2023-07-06',100),(9,'坤坤6','19996623821','雪白色入耳式蓝牙耳机，一串带有中国结的钥匙','',1,'2023-07-06',100),(10,'坤坤7','19996623821','雪白色入耳式蓝牙耳机，一串带有中国结的钥匙','',1,'2023-07-06',100),(11,'坤坤8','19996623821','雪白色入耳式蓝牙耳机，一串带有中国结的钥匙','',1,'2023-07-06',100),(12,'坤坤9','19996623821','雪白色入耳式蓝牙耳机，一串带有中国结的钥匙','',1,'2023-07-06',100),(13,'坤坤10','19996623821','雪白色入耳式蓝牙耳机，一串带有中国结的钥匙','',1,'2023-07-06',100),(14,'坤坤11','19996623821','雪白色入耳式蓝牙耳机，一串带有中国结的钥匙','',1,'2023-07-06',100),(15,'坤坤12','19996623821','雪白色入耳式蓝牙耳机，一串带有中国结的钥匙','',1,'2023-07-06',100),(16,'坤坤13','19996623821','雪白色入耳式蓝牙耳机，一串带有中国结的钥匙','',1,'2023-07-06',100),(17,'坤坤14','19996623821','雪白色入耳式蓝牙耳机，一串带有中国结的钥匙','',1,'2023-07-06',100),(18,'坤坤15','19996623821','雪白色入耳式蓝牙耳机，一串带有中国结的钥匙','',1,'2023-07-06',100),(19,'坤坤16','19996623821','雪白色入耳式蓝牙耳机，一串带有中国结的钥匙','',1,'2023-07-06',100),(20,'坤坤17','19996623821','雪白色入耳式蓝牙耳机，一串带有中国结的钥匙','',1,'2023-07-06',100),(21,'坤坤18','19996623821','雪白色入耳式蓝牙耳机，一串带有中国结的钥匙','',1,'2023-07-06',100),(22,'坤坤19','19996623821','雪白色入耳式蓝牙耳机，一串带有中国结的钥匙','',1,'2023-07-06',100),(23,'坤坤20','19996623821','雪白色入耳式蓝牙耳机，一串带有中国结的钥匙','',1,'2023-07-06',100),(24,'坤坤21','19996623821','雪白色入耳式蓝牙耳机，一串带有中国结的钥匙','',1,'2023-07-06',100),(25,'坤坤22','19996623821','雪白色入耳式蓝牙耳机，一串带有中国结的钥匙','',1,'2023-07-06',100),(26,'坤坤23','19996623821','雪白色入耳式蓝牙耳机，一串带有中国结的钥匙','',1,'2023-07-06',100),(27,'坤坤24','19996623821','雪白色入耳式蓝牙耳机，一串带有中国结的钥匙','',1,'2023-07-06',100),(28,'坤坤25','19996623821','雪白色入耳式蓝牙耳机，一串带有中国结的钥匙','',1,'2023-07-06',100),(29,'坤坤26','19996623821','雪白色入耳式蓝牙耳机，一串带有中国结的钥匙','',1,'2023-07-06',100),(30,'坤坤27','19996623821','雪白色入耳式蓝牙耳机，一串带有中国结的钥匙','',1,'2023-07-06',100),(31,'坤坤28','19996623821','雪白色入耳式蓝牙耳机，一串带有中国结的钥匙','',1,'2023-07-06',100),(32,'坤坤29','19996623821','雪白色入耳式蓝牙耳机，一串带有中国结的钥匙','',1,'2023-07-06',100),(33,'坤坤30','19996623821','雪白色入耳式蓝牙耳机，一串带有中国结的钥匙','',1,'2023-07-06',100),(34,'坤坤31','19996623821','雪白色入耳式蓝牙耳机，一串带有中国结的钥匙','',1,'2023-07-06',100),(35,'坤坤32','19996623821','雪白色入耳式蓝牙耳机，一串带有中国结的钥匙','',1,'2023-07-06',100),(36,'坤坤33','19996623821','雪白色入耳式蓝牙耳机，一串带有中国结的钥匙','',1,'2023-07-06',100),(37,'坤坤34','19996623821','雪白色入耳式蓝牙耳机，一串带有中国结的钥匙','',1,'2023-07-06',100),(38,'坤坤35','19996623821','雪白色入耳式蓝牙耳机，一串带有中国结的钥匙','',1,'2023-07-06',100),(39,'坤坤36','19996623821','雪白色入耳式蓝牙耳机，一串带有中国结的钥匙','',1,'2023-07-06',100),(40,'坤坤37','19996623821','雪白色入耳式蓝牙耳机，一串带有中国结的钥匙','',1,'2023-07-06',100),(41,'坤坤38','19996623821','雪白色入耳式蓝牙耳机，一串带有中国结的钥匙','',1,'2023-07-06',100),(42,'坤坤39','19996623821','雪白色入耳式蓝牙耳机，一串带有中国结的钥匙','',1,'2023-07-06',100),(43,'坤坤40','19996623821','雪白色入耳式蓝牙耳机，一串带有中国结的钥匙','',1,'2023-07-06',100),(44,'坤坤41','19996623821','雪白色入耳式蓝牙耳机，一串带有中国结的钥匙','',1,'2023-07-06',100),(45,'坤坤42','19996623821','雪白色入耳式蓝牙耳机，一串带有中国结的钥匙','',1,'2023-07-06',100),(46,'坤坤43','19996623821','雪白色入耳式蓝牙耳机，一串带有中国结的钥匙','',1,'2023-07-06',100),(47,'坤坤44','19996623821','雪白色入耳式蓝牙耳机，一串带有中国结的钥匙','',1,'2023-07-06',100),(48,'坤坤45','19996623821','雪白色入耳式蓝牙耳机，一串带有中国结的钥匙','',1,'2023-07-06',100),(49,'坤坤46','19996623821','雪白色入耳式蓝牙耳机，一串带有中国结的钥匙','',1,'2023-07-06',100),(50,'坤坤47','19996623821','雪白色入耳式蓝牙耳机，一串带有中国结的钥匙','',1,'2023-07-06',100),(51,'坤坤48','19996623821','雪白色入耳式蓝牙耳机，一串带有中国结的钥匙','',1,'2023-07-06',100),(52,'坤坤49','19996623821','雪白色入耳式蓝牙耳机，一串带有中国结的钥匙','',1,'2023-07-06',100),(53,'坤坤0','19996623821','雪白色入耳式蓝牙耳机，一串带有中国结的钥匙','',1,'2023-07-06',100),(54,'坤坤1','19996623821','雪白色入耳式蓝牙耳机，一串带有中国结的钥匙','',1,'2023-07-06',100),(55,'坤坤2','19996623821','雪白色入耳式蓝牙耳机，一串带有中国结的钥匙','',1,'2023-07-06',100),(56,'坤坤3','19996623821','雪白色入耳式蓝牙耳机，一串带有中国结的钥匙','',1,'2023-07-06',100),(57,'坤坤4','19996623821','雪白色入耳式蓝牙耳机，一串带有中国结的钥匙','',1,'2023-07-06',100),(58,'坤坤5','19996623821','雪白色入耳式蓝牙耳机，一串带有中国结的钥匙','',1,'2023-07-06',100),(59,'坤坤6','19996623821','雪白色入耳式蓝牙耳机，一串带有中国结的钥匙','',1,'2023-07-06',100),(60,'坤坤7','19996623821','雪白色入耳式蓝牙耳机，一串带有中国结的钥匙','',1,'2023-07-06',100),(61,'坤坤8','19996623821','雪白色入耳式蓝牙耳机，一串带有中国结的钥匙','',1,'2023-07-06',100),(62,'坤坤9','19996623821','雪白色入耳式蓝牙耳机，一串带有中国结的钥匙','',1,'2023-07-06',100),(63,'坤坤10','19996623821','雪白色入耳式蓝牙耳机，一串带有中国结的钥匙','',1,'2023-07-06',100),(64,'坤坤11','19996623821','雪白色入耳式蓝牙耳机，一串带有中国结的钥匙','',1,'2023-07-06',100),(65,'坤坤12','19996623821','雪白色入耳式蓝牙耳机，一串带有中国结的钥匙','',1,'2023-07-06',100),(66,'坤坤13','19996623821','雪白色入耳式蓝牙耳机，一串带有中国结的钥匙','',1,'2023-07-06',100),(67,'坤坤14','19996623821','雪白色入耳式蓝牙耳机，一串带有中国结的钥匙','',1,'2023-07-06',100),(68,'坤坤15','19996623821','雪白色入耳式蓝牙耳机，一串带有中国结的钥匙','',1,'2023-07-06',100),(69,'坤坤16','19996623821','雪白色入耳式蓝牙耳机，一串带有中国结的钥匙','',1,'2023-07-06',100),(70,'坤坤17','19996623821','雪白色入耳式蓝牙耳机，一串带有中国结的钥匙','',1,'2023-07-06',100),(71,'坤坤18','19996623821','雪白色入耳式蓝牙耳机，一串带有中国结的钥匙','',1,'2023-07-06',100),(72,'坤坤19','19996623821','雪白色入耳式蓝牙耳机，一串带有中国结的钥匙','',1,'2023-07-06',100),(73,'坤坤20','19996623821','雪白色入耳式蓝牙耳机，一串带有中国结的钥匙','',1,'2023-07-06',100),(74,'坤坤21','19996623821','雪白色入耳式蓝牙耳机，一串带有中国结的钥匙','',1,'2023-07-06',100),(75,'坤坤22','19996623821','雪白色入耳式蓝牙耳机，一串带有中国结的钥匙','',1,'2023-07-06',100),(76,'坤坤23','19996623821','雪白色入耳式蓝牙耳机，一串带有中国结的钥匙','',1,'2023-07-06',100),(77,'坤坤24','19996623821','雪白色入耳式蓝牙耳机，一串带有中国结的钥匙','',1,'2023-07-06',100),(78,'坤坤25','19996623821','雪白色入耳式蓝牙耳机，一串带有中国结的钥匙','',1,'2023-07-06',100),(79,'坤坤26','19996623821','雪白色入耳式蓝牙耳机，一串带有中国结的钥匙','',1,'2023-07-06',100),(80,'坤坤27','19996623821','雪白色入耳式蓝牙耳机，一串带有中国结的钥匙','',1,'2023-07-06',100),(81,'坤坤28','19996623821','雪白色入耳式蓝牙耳机，一串带有中国结的钥匙','',1,'2023-07-06',100),(82,'坤坤29','19996623821','雪白色入耳式蓝牙耳机，一串带有中国结的钥匙','',1,'2023-07-06',100),(83,'坤坤30','19996623821','雪白色入耳式蓝牙耳机，一串带有中国结的钥匙','',1,'2023-07-06',100),(84,'坤坤31','19996623821','雪白色入耳式蓝牙耳机，一串带有中国结的钥匙','',1,'2023-07-06',100),(85,'坤坤32','19996623821','雪白色入耳式蓝牙耳机，一串带有中国结的钥匙','',1,'2023-07-06',100),(86,'坤坤33','19996623821','雪白色入耳式蓝牙耳机，一串带有中国结的钥匙','',1,'2023-07-06',100),(87,'坤坤34','19996623821','雪白色入耳式蓝牙耳机，一串带有中国结的钥匙','',1,'2023-07-06',100),(88,'坤坤35','19996623821','雪白色入耳式蓝牙耳机，一串带有中国结的钥匙','',1,'2023-07-06',100),(89,'坤坤36','19996623821','雪白色入耳式蓝牙耳机，一串带有中国结的钥匙','',1,'2023-07-06',100),(90,'坤坤37','19996623821','雪白色入耳式蓝牙耳机，一串带有中国结的钥匙','',1,'2023-07-06',100),(91,'坤坤38','19996623821','雪白色入耳式蓝牙耳机，一串带有中国结的钥匙','',1,'2023-07-06',100),(92,'坤坤39','19996623821','雪白色入耳式蓝牙耳机，一串带有中国结的钥匙','',1,'2023-07-06',100),(93,'坤坤40','19996623821','雪白色入耳式蓝牙耳机，一串带有中国结的钥匙','',1,'2023-07-06',100),(94,'坤坤41','19996623821','雪白色入耳式蓝牙耳机，一串带有中国结的钥匙','',1,'2023-07-06',100),(95,'坤坤42','19996623821','雪白色入耳式蓝牙耳机，一串带有中国结的钥匙','',1,'2023-07-06',100),(96,'坤坤43','19996623821','雪白色入耳式蓝牙耳机，一串带有中国结的钥匙','',1,'2023-07-06',100),(97,'坤坤44','19996623821','雪白色入耳式蓝牙耳机，一串带有中国结的钥匙','',1,'2023-07-06',100),(98,'坤坤45','19996623821','雪白色入耳式蓝牙耳机，一串带有中国结的钥匙','',1,'2023-07-06',100),(99,'坤坤46','19996623821','雪白色入耳式蓝牙耳机，一串带有中国结的钥匙','',1,'2023-07-06',100),(100,'坤坤47','19996623821','雪白色入耳式蓝牙耳机，一串带有中国结的钥匙','',1,'2023-07-06',100),(101,'坤坤48','19996623821','雪白色入耳式蓝牙耳机，一串带有中国结的钥匙','',1,'2023-07-06',100),(102,'坤坤49','19996623821','雪白色入耳式蓝牙耳机，一串带有中国结的钥匙','',1,'2023-07-06',100),(103,'坤坤0','19996623821','一串带有中国结的钥匙','',2,'2023-07-06',100),(104,'坤坤1','19996623821','一串带有中国结的钥匙','',2,'2023-07-06',100),(105,'坤坤2','19996623821','一串带有中国结的钥匙','',2,'2023-07-06',100),(106,'坤坤3','19996623821','一串带有中国结的钥匙','',2,'2023-07-06',100),(107,'坤坤4','19996623821','一串带有中国结的钥匙','',2,'2023-07-06',100),(108,'坤坤5','19996623821','一串带有中国结的钥匙','',2,'2023-07-06',100),(109,'坤坤6','19996623821','一串带有中国结的钥匙','',2,'2023-07-06',100),(110,'坤坤7','19996623821','一串带有中国结的钥匙','',2,'2023-07-06',100),(111,'坤坤8','19996623821','一串带有中国结的钥匙','',2,'2023-07-06',100),(112,'坤坤9','19996623821','一串带有中国结的钥匙','',2,'2023-07-06',100),(113,'坤坤10','19996623821','一串带有中国结的钥匙','',2,'2023-07-06',100),(114,'坤坤11','19996623821','一串带有中国结的钥匙','',2,'2023-07-06',100),(115,'坤坤12','19996623821','一串带有中国结的钥匙','',2,'2023-07-06',100),(116,'坤坤13','19996623821','一串带有中国结的钥匙','',2,'2023-07-06',100),(117,'坤坤14','19996623821','一串带有中国结的钥匙','',2,'2023-07-06',100),(118,'坤坤15','19996623821','一串带有中国结的钥匙','',2,'2023-07-06',100),(119,'坤坤16','19996623821','一串带有中国结的钥匙','',2,'2023-07-06',100),(120,'坤坤17','19996623821','一串带有中国结的钥匙','',2,'2023-07-06',100),(121,'坤坤18','19996623821','一串带有中国结的钥匙','',2,'2023-07-06',100),(122,'坤坤19','19996623821','一串带有中国结的钥匙','',2,'2023-07-06',100),(123,'坤坤20','19996623821','一串带有中国结的钥匙','',2,'2023-07-06',100),(124,'坤坤21','19996623821','一串带有中国结的钥匙','',2,'2023-07-06',100),(125,'坤坤22','19996623821','一串带有中国结的钥匙','',2,'2023-07-06',100),(126,'坤坤23','19996623821','一串带有中国结的钥匙','',2,'2023-07-06',100),(127,'坤坤24','19996623821','一串带有中国结的钥匙','',2,'2023-07-06',100),(128,'坤坤25','19996623821','一串带有中国结的钥匙','',2,'2023-07-06',100),(129,'坤坤26','19996623821','一串带有中国结的钥匙','',2,'2023-07-06',100),(130,'坤坤27','19996623821','一串带有中国结的钥匙','',2,'2023-07-06',100),(131,'坤坤28','19996623821','一串带有中国结的钥匙','',2,'2023-07-06',100),(132,'坤坤29','19996623821','一串带有中国结的钥匙','',2,'2023-07-06',100),(133,'坤坤30','19996623821','一串带有中国结的钥匙','',2,'2023-07-06',100),(134,'坤坤31','19996623821','一串带有中国结的钥匙','',2,'2023-07-06',100),(135,'坤坤32','19996623821','一串带有中国结的钥匙','',2,'2023-07-06',100),(136,'坤坤33','19996623821','一串带有中国结的钥匙','',2,'2023-07-06',100),(137,'坤坤34','19996623821','一串带有中国结的钥匙','',2,'2023-07-06',100),(138,'坤坤35','19996623821','一串带有中国结的钥匙','',2,'2023-07-06',100),(139,'坤坤36','19996623821','一串带有中国结的钥匙','',2,'2023-07-06',100),(140,'坤坤37','19996623821','一串带有中国结的钥匙','',2,'2023-07-06',100),(141,'坤坤38','19996623821','一串带有中国结的钥匙','',2,'2023-07-06',100),(142,'坤坤39','19996623821','一串带有中国结的钥匙','',2,'2023-07-06',100),(143,'坤坤40','19996623821','一串带有中国结的钥匙','',2,'2023-07-06',100),(144,'坤坤41','19996623821','一串带有中国结的钥匙','',2,'2023-07-06',100),(145,'坤坤42','19996623821','一串带有中国结的钥匙','',2,'2023-07-06',100),(146,'坤坤43','19996623821','一串带有中国结的钥匙','',2,'2023-07-06',100),(147,'坤坤44','19996623821','一串带有中国结的钥匙','',2,'2023-07-06',100),(148,'坤坤45','19996623821','一串带有中国结的钥匙','',2,'2023-07-06',100),(149,'坤坤46','19996623821','一串带有中国结的钥匙','',2,'2023-07-06',100),(150,'坤坤47','19996623821','一串带有中国结的钥匙','',2,'2023-07-06',100),(151,'坤坤48','19996623821','一串带有中国结的钥匙','',2,'2023-07-06',100),(152,'坤坤49','19996623821','一串带有中国结的钥匙','',2,'2023-07-06',100),(153,'坤坤0','19996623821','雪白色入耳式蓝牙耳机','',2,'2023-07-06',100),(154,'坤坤1','19996623821','雪白色入耳式蓝牙耳机','',2,'2023-07-06',100),(155,'坤坤2','19996623821','雪白色入耳式蓝牙耳机','',2,'2023-07-06',100),(156,'坤坤3','19996623821','雪白色入耳式蓝牙耳机','',2,'2023-07-06',100),(157,'坤坤4','19996623821','雪白色入耳式蓝牙耳机','',2,'2023-07-06',100),(158,'坤坤5','19996623821','雪白色入耳式蓝牙耳机','',2,'2023-07-06',100),(159,'坤坤6','19996623821','雪白色入耳式蓝牙耳机','',2,'2023-07-06',100),(160,'坤坤7','19996623821','雪白色入耳式蓝牙耳机','',2,'2023-07-06',100),(161,'坤坤8','19996623821','雪白色入耳式蓝牙耳机','',2,'2023-07-06',100),(162,'坤坤9','19996623821','雪白色入耳式蓝牙耳机','',2,'2023-07-06',100),(163,'坤坤10','19996623821','雪白色入耳式蓝牙耳机','',2,'2023-07-06',100),(164,'坤坤11','19996623821','雪白色入耳式蓝牙耳机','',2,'2023-07-06',100),(165,'坤坤12','19996623821','雪白色入耳式蓝牙耳机','',2,'2023-07-06',100),(166,'坤坤13','19996623821','雪白色入耳式蓝牙耳机','',2,'2023-07-06',100),(167,'坤坤14','19996623821','雪白色入耳式蓝牙耳机','',2,'2023-07-06',100),(168,'坤坤15','19996623821','雪白色入耳式蓝牙耳机','',2,'2023-07-06',100),(169,'坤坤16','19996623821','雪白色入耳式蓝牙耳机','',2,'2023-07-06',100),(170,'坤坤17','19996623821','雪白色入耳式蓝牙耳机','',2,'2023-07-06',100),(171,'坤坤18','19996623821','雪白色入耳式蓝牙耳机','',2,'2023-07-06',100),(172,'坤坤19','19996623821','雪白色入耳式蓝牙耳机','',2,'2023-07-06',100),(173,'坤坤20','19996623821','雪白色入耳式蓝牙耳机','',2,'2023-07-06',100),(174,'坤坤21','19996623821','雪白色入耳式蓝牙耳机','',2,'2023-07-06',100),(175,'坤坤22','19996623821','雪白色入耳式蓝牙耳机','',2,'2023-07-06',100),(176,'坤坤23','19996623821','雪白色入耳式蓝牙耳机','',2,'2023-07-06',100),(177,'坤坤24','19996623821','雪白色入耳式蓝牙耳机','',2,'2023-07-06',100),(178,'坤坤25','19996623821','雪白色入耳式蓝牙耳机','',2,'2023-07-06',100),(179,'坤坤26','19996623821','雪白色入耳式蓝牙耳机','',2,'2023-07-06',100),(180,'坤坤27','19996623821','雪白色入耳式蓝牙耳机','',2,'2023-07-06',100),(181,'坤坤28','19996623821','雪白色入耳式蓝牙耳机','',2,'2023-07-06',100),(182,'坤坤29','19996623821','雪白色入耳式蓝牙耳机','',2,'2023-07-06',100),(183,'坤坤30','19996623821','雪白色入耳式蓝牙耳机','',2,'2023-07-06',100),(184,'坤坤31','19996623821','雪白色入耳式蓝牙耳机','',2,'2023-07-06',100),(185,'坤坤32','19996623821','雪白色入耳式蓝牙耳机','',2,'2023-07-06',100),(186,'坤坤33','19996623821','雪白色入耳式蓝牙耳机','',2,'2023-07-06',100),(187,'坤坤34','19996623821','雪白色入耳式蓝牙耳机','',2,'2023-07-06',100),(188,'坤坤35','19996623821','雪白色入耳式蓝牙耳机','',2,'2023-07-06',100),(189,'坤坤36','19996623821','雪白色入耳式蓝牙耳机','',2,'2023-07-06',100),(190,'坤坤37','19996623821','雪白色入耳式蓝牙耳机','',2,'2023-07-06',100),(191,'坤坤38','19996623821','雪白色入耳式蓝牙耳机','',2,'2023-07-06',100),(192,'坤坤39','19996623821','雪白色入耳式蓝牙耳机','',2,'2023-07-06',100),(193,'坤坤40','19996623821','雪白色入耳式蓝牙耳机','',2,'2023-07-06',100),(194,'坤坤41','19996623821','雪白色入耳式蓝牙耳机','',2,'2023-07-06',100),(195,'坤坤42','19996623821','雪白色入耳式蓝牙耳机','',2,'2023-07-06',100),(196,'坤坤43','19996623821','雪白色入耳式蓝牙耳机','',2,'2023-07-06',100),(197,'坤坤44','19996623821','雪白色入耳式蓝牙耳机','',2,'2023-07-06',100),(198,'坤坤45','19996623821','雪白色入耳式蓝牙耳机','',2,'2023-07-06',100),(199,'坤坤46','19996623821','雪白色入耳式蓝牙耳机','',2,'2023-07-06',100),(200,'坤坤47','19996623821','雪白色入耳式蓝牙耳机','',2,'2023-07-06',100),(201,'坤坤48','19996623821','雪白色入耳式蓝牙耳机','',2,'2023-07-06',100),(202,'坤坤49','19996623821','雪白色入耳式蓝牙耳机','',2,'2023-07-06',100),(203,'we','17714429653','we',NULL,NULL,'2023-09-07 16:51:09',100),(205,'坤坤','18999996696','一个蓝牙鼠标',NULL,NULL,'2023-09-11 14:38:34',73),(206,'坤坤','1234567','白色手机壳',NULL,1,'2023-09-08',100),(207,'super','18999996692','丢失一个白色手机壳','',1,'2023-09-12',100),(208,'22','22','2222',NULL,NULL,'2024-01-02 15:17:17',100),(209,'11','11','1111',NULL,NULL,'2024-01-02 19:42:40',100),(210,'11','11',NULL,'http://localhost:8088/upload/exit.svg',1,'2024-04-17 15:41:19',100),(211,'11','11',NULL,'http://localhost:8088/upload/home.png',1,'2024-04-17 15:43:21',100);

/*Table structure for table `user` */

DROP TABLE IF EXISTS `user`;

CREATE TABLE `user` (
  `id` int NOT NULL AUTO_INCREMENT,
  `Infoid` int NOT NULL DEFAULT '1',
  `username` varchar(20) NOT NULL,
  `password` varchar(20) NOT NULL,
  `tel` varchar(11) DEFAULT NULL,
  `crscore` int DEFAULT '100',
  `auth` int DEFAULT '1',
  `calmday` int DEFAULT '0',
  PRIMARY KEY (`id`),
  UNIQUE KEY `user_username_uindex` (`username`),
  KEY `user_auth_id_fk` (`auth`),
  CONSTRAINT `user_auth_id_fk` FOREIGN KEY (`auth`) REFERENCES `auth` (`id`)
) ENGINE=InnoDB AUTO_INCREMENT=114 DEFAULT CHARSET=utf8mb4 COLLATE=utf8mb4_0900_ai_ci;

/*Data for the table `user` */

insert  into `user`(`id`,`Infoid`,`username`,`password`,`tel`,`crscore`,`auth`,`calmday`) values (2,1,'坤坤&&update','111111','18999996696',91,1,0),(3,4,'super','super','18999996692',100,3,0),(4,2,'2222','passsdsa','18999996692',100,1,0),(5,2,'niubi','dsadas','19996623821',100,3,0),(6,1,'坤坤0','dsadas','19996623821',95,0,10),(7,2,'坤坤1','dsadas','19996623821',97,0,123),(8,2,'坤坤2','dsadas','19996623821',100,1,0),(9,1,'坤坤3','dsadas','19996623821',100,1,0),(10,2,'坤坤4','dsadas','19996623821',100,1,0),(11,3,'坤坤5','dsadas','19996623821',100,2,0),(12,2,'坤坤6','dsadas','19996623821',100,1,0),(13,2,'坤坤7','dsadas','19996623821',100,1,0),(14,2,'坤坤8','dsadas','19996623821',100,1,0),(15,2,'坤坤9','dsadas','19996623821',100,1,0),(16,2,'坤坤10','dsadas','19996623821',100,1,0),(17,2,'坤坤11','dsadas','19996623821',100,1,0),(18,2,'坤坤12','dsadas','19996623821',100,1,0),(19,2,'坤坤13','dsadas','19996623821',100,1,0),(20,2,'坤坤14','dsadas','19996623821',100,1,0),(21,2,'坤坤15','dsadas','19996623821',100,1,0),(22,2,'坤坤16','dsadas','19996623821',100,1,0),(23,2,'坤坤17','dsadas','19996623821',100,1,0),(24,2,'坤坤18','dsadas','19996623821',100,1,0),(25,2,'坤坤19','dsadas','19996623821',100,1,0),(26,2,'坤坤20','dsadas','19996623821',100,1,0),(27,2,'坤坤21','dsadas','19996623821',100,1,0),(28,2,'坤坤22','dsadas','19996623821',100,1,0),(29,2,'坤坤23','dsadas','19996623821',100,1,0),(30,2,'坤坤24','dsadas','19996623821',100,1,0),(31,2,'坤坤25','dsadas','19996623821',100,1,0),(32,2,'坤坤26','dsadas','19996623821',100,1,0),(33,2,'坤坤27','dsadas','19996623821',100,1,0),(34,2,'坤坤28','dsadas','19996623821',100,1,0),(35,2,'坤坤29','dsadas','19996623821',100,1,0),(36,2,'坤坤30','dsadas','19996623821',100,1,0),(37,2,'坤坤31','dsadas','19996623821',100,1,0),(38,2,'坤坤32','dsadas','19996623821',100,1,0),(39,2,'坤坤33','dsadas','19996623821',100,1,0),(40,2,'坤坤34','dsadas','19996623821',100,1,0),(41,2,'坤坤35','dsadas','19996623821',100,1,0),(42,2,'坤坤36','dsadas','19996623821',100,1,0),(43,2,'坤坤37','dsadas','19996623821',100,1,0),(44,2,'坤坤38','dsadas','19996623821',100,1,0),(45,2,'坤坤39','dsadas','19996623821',100,1,0),(46,2,'坤坤40','dsadas','19996623821',100,1,0),(47,2,'坤坤41','dsadas','19996623821',100,1,0),(48,2,'坤坤42','dsadas','19996623821',100,1,0),(49,2,'坤坤43','dsadas','19996623821',100,1,0),(50,2,'坤坤44','dsadas','19996623821',100,1,0),(51,2,'坤坤45','dsadas','19996623821',100,1,0),(52,2,'坤坤46','dsadas','19996623821',100,1,0),(53,2,'坤坤47','dsadas','19996623821',100,1,0),(54,2,'坤坤48','dsadas','19996623821',100,1,0),(55,2,'坤坤49','dsadas','19996623821',100,1,0),(56,2,'坤坤50','dsadas','19996623821',100,1,0),(57,2,'坤坤51','dsadas','19996623821',100,1,0),(58,2,'坤坤52','dsadas','19996623821',100,1,0),(59,2,'坤坤53','dsadas','19996623821',100,1,0),(60,2,'坤坤54','dsadas','19996623821',100,1,0),(61,2,'坤坤55','dsadas','19996623821',100,1,0),(62,2,'坤坤56','dsadas','19996623821',100,1,0),(63,2,'坤坤57','dsadas','19996623821',100,1,0),(64,2,'坤坤58','dsadas','19996623821',100,1,0),(65,2,'坤坤59','dsadas','19996623821',100,1,0),(66,2,'坤坤60','dsadas','19996623821',100,1,0),(67,2,'坤坤61','dsadas','19996623821',100,1,0),(68,2,'坤坤62','dsadas','19996623821',100,1,0),(69,2,'坤坤63','dsadas','19996623821',100,1,0),(70,2,'坤坤64','dsadas','19996623821',100,1,0),(71,2,'坤坤65','dsadas','19996623821',100,1,0),(72,2,'坤坤66','dsadas','19996623821',100,1,0),(73,2,'坤坤67','dsadas','19996623821',100,1,0),(74,2,'坤坤68','dsadas','19996623821',100,1,0),(75,2,'坤坤69','dsadas','19996623821',100,1,0),(76,2,'坤坤70','dsadas','19996623821',100,1,0),(77,2,'坤坤71','dsadas','19996623821',100,1,0),(78,2,'坤坤72','dsadas','19996623821',100,1,0),(79,2,'坤坤73','dsadas','19996623821',100,1,0),(80,2,'坤坤74','dsadas','19996623821',100,1,0),(81,2,'坤坤75','dsadas','19996623821',100,1,0),(82,2,'坤坤76','dsadas','19996623821',100,1,0),(83,2,'坤坤77','dsadas','19996623821',100,1,0),(84,2,'坤坤78','dsadas','19996623821',100,1,0),(85,2,'坤坤79','dsadas','19996623821',100,1,0),(86,2,'坤坤80','dsadas','19996623821',100,1,0),(87,2,'坤坤81','dsadas','19996623821',100,1,0),(88,2,'坤坤82','dsadas','19996623821',100,1,0),(89,2,'坤坤83','dsadas','19996623821',100,1,0),(90,2,'坤坤84','dsadas','19996623821',100,1,0),(91,2,'坤坤85','dsadas','19996623821',100,1,0),(92,2,'坤坤86','dsadas','19996623821',100,1,0),(93,2,'坤坤87','dsadas','19996623821',100,1,0),(94,2,'坤坤88','dsadas','19996623821',100,1,0),(95,2,'坤坤89','dsadas','19996623821',100,1,0),(96,2,'坤坤90','dsadas','19996623821',100,1,0),(97,2,'坤坤91','dsadas','19996623821',100,1,0),(98,2,'坤坤92','dsadas','19996623821',100,1,0),(99,2,'坤坤93','dsadas','19996623821',100,1,0),(100,2,'坤坤94','dsadas','19996623821',100,1,0),(101,2,'坤坤95','dsadas','19996623821',100,1,0),(102,2,'坤坤96','dsadas','19996623821',100,1,0),(103,2,'坤坤97','dsadas','19996623821',100,1,0),(104,2,'坤坤98','dsadas','19996623821',100,1,0),(105,2,'坤坤99','dsadas','19996623821',100,1,0),(106,3,'admin','admin','17714429653',100,2,0),(107,1,'we','we','17714429653',100,1,0),(108,1,'ss','ss','17714429653',100,1,0),(110,1,'23','23','23',100,1,0),(112,1,'11','11','11',100,1,0),(113,1,'22','22','22',100,1,0);

/*Table structure for table `userapply` */

DROP TABLE IF EXISTS `userapply`;

CREATE TABLE `userapply` (
  `id` int NOT NULL AUTO_INCREMENT,
  `username` varchar(20) DEFAULT NULL,
  `date` varchar(23) DEFAULT NULL,
  `crscore` int DEFAULT NULL,
  PRIMARY KEY (`id`)
) ENGINE=InnoDB AUTO_INCREMENT=17 DEFAULT CHARSET=utf8mb4 COLLATE=utf8mb4_0900_ai_ci;

/*Data for the table `userapply` */

insert  into `userapply`(`id`,`username`,`date`,`crscore`) values (5,'坤坤5','2023-09-06',100),(6,'坤坤6','2023-09-06',100),(7,'坤坤7','2023-09-06',100),(8,'坤坤8','2023-09-06',100),(9,'坤坤9','2023-09-06',100),(11,'we','2023-09-07',100),(15,'坤坤&&update','2023-09-13 18:53:21',91),(16,'坤坤3','2024-01-03 13:46:53',100);

/* Trigger structure for table `post` */

DELIMITER $$

/*!50003 DROP TRIGGER*//*!50032 IF EXISTS */ /*!50003 `insertpost` */$$

/*!50003 CREATE */ /*!50017 DEFINER = 'root'@'localhost' */ /*!50003 TRIGGER `insertpost` AFTER INSERT ON `post` FOR EACH ROW BEGIN
INSERT INTO `loser`.`actionlog` (uid, `date`, `type`)
    VALUES (
        NEW.id,
        NOW(),
        CONCAT(
            '用户发布帖子 - 用户名：',
            NEW.username
        )
    );
    END */$$


DELIMITER ;

/* Trigger structure for table `user` */

DELIMITER $$

/*!50003 DROP TRIGGER*//*!50032 IF EXISTS */ /*!50003 `updateUserActionLog` */$$

/*!50003 CREATE */ /*!50017 DEFINER = 'root'@'localhost' */ /*!50003 TRIGGER `updateUserActionLog` AFTER UPDATE ON `user` FOR EACH ROW BEGIN
    INSERT INTO `loser`.`actionlog` (uid, `date`, `type`)
    VALUES (
        NEW.id,
        NOW(),
        CONCAT(
            '用户信息更新 - 用户名：',
            NEW.username,
            '，联系方式：',
            NEW.tel,
            '，信誉积分：',
            NEW.crscore,
            '，禁言天数：',
            NEW.calmday
        )
    );
END */$$


DELIMITER ;

/* Trigger structure for table `userapply` */

DELIMITER $$

/*!50003 DROP TRIGGER*//*!50032 IF EXISTS */ /*!50003 `insertuserapply` */$$

/*!50003 CREATE */ /*!50017 DEFINER = 'root'@'localhost' */ /*!50003 TRIGGER `insertuserapply` AFTER INSERT ON `userapply` FOR EACH ROW BEGIN
INSERT INTO `loser`.`actionlog` (uid, `date`, `type`)
    VALUES (
        NEW.id,
        NOW(),
        CONCAT(
            '用户申请管理员 - 用户名：',
            NEW.username
        )
    );
    END */$$


DELIMITER ;

/*Table structure for table `actionview` */

DROP TABLE IF EXISTS `actionview`;

/*!50001 DROP VIEW IF EXISTS `actionview` */;
/*!50001 DROP TABLE IF EXISTS `actionview` */;

/*!50001 CREATE TABLE  `actionview`(
 `id` int ,
 `username` varchar(20) ,
 `uid` int ,
 `date` varchar(23) ,
 `type` varchar(128) 
)*/;

/*View structure for view actionview */

/*!50001 DROP TABLE IF EXISTS `actionview` */;
/*!50001 DROP VIEW IF EXISTS `actionview` */;

/*!50001 CREATE ALGORITHM=UNDEFINED DEFINER=`root`@`localhost` SQL SECURITY DEFINER VIEW `actionview` AS select `actionlog`.`id` AS `id`,`user`.`username` AS `username`,`actionlog`.`uid` AS `uid`,`actionlog`.`date` AS `date`,`actionlog`.`type` AS `type` from (`actionlog` join `user` on((`user`.`id` = `actionlog`.`id`))) */;

/*!40101 SET SQL_MODE=@OLD_SQL_MODE */;
/*!40014 SET FOREIGN_KEY_CHECKS=@OLD_FOREIGN_KEY_CHECKS */;
/*!40014 SET UNIQUE_CHECKS=@OLD_UNIQUE_CHECKS */;
/*!40111 SET SQL_NOTES=@OLD_SQL_NOTES */;
